{
	"format_version": "1.8.0",
	"animations": {
		"black.widow.walk": {
			"loop": true,
			"animation_length": 0.66667,
			"bones": {
				"pata1": {
					"rotation": {
						"0.0": {
							"vector": [0, 0, 0]
						},
						"0.2083": {
							"vector": [0, -22.5, 0]
						},
						"0.25": {
							"vector": [0, -22.5, 0]
						},
						"0.375": {
							"vector": [-1.6575, -7.60865, -7.67995]
						},
						"0.5417": {
							"vector": [2.59864, 12.32307, 3.31164]
						},
						"0.6667": {
							"vector": [0, 0, 0]
						}
					}
				},
				"pata2": {
					"rotation": {
						"0.0": {
							"vector": [0, -25, 0]
						},
						"0.1667": {
							"vector": [6.56873, -11.89307, -11.02251]
						},
						"0.2917": {
							"vector": [3.93015, 14.83332, -0.77686]
						},
						"0.4583": {
							"vector": [0, 0, 0]
						},
						"0.6667": {
							"vector": [0, -25, 0]
						}
					}
				},
				"pata3": {
					"rotation": {
						"0.0": {
							"vector": [0, 0, 0]
						},
						"0.2083": {
							"vector": [0, -15, 0]
						},
						"0.25": {
							"vector": [0, -15, 0]
						},
						"0.375": {
							"vector": [9.38603, 3.35088, -14.7747]
						},
						"0.5417": {
							"vector": [0.97004, 17.44937, 0.02557]
						},
						"0.6667": {
							"vector": [0, 0, 0]
						}
					}
				},
				"pata4": {
					"rotation": {
						"0.0": {
							"vector": [0, -10, 0]
						},
						"0.1667": {
							"vector": [35.71719, 0.68994, -35.62905]
						},
						"0.2917": {
							"vector": [7.95265, 7.4189, -5.06511]
						},
						"0.4583": {
							"vector": [13.33197, -2.42072, -10.73294]
						},
						"0.625": {
							"vector": [0, -10, 0]
						}
					}
				},
				"pata5": {
					"rotation": {
						"0.0": {
							"vector": [0, 22.5, 0]
						},
						"0.125": {
							"vector": [-1.31833, 10.11524, 10.14251]
						},
						"0.2917": {
							"vector": [1.35828, -2.3843, 2.34673]
						},
						"0.4167": {
							"vector": [1.29954, 5.11369, 2.53016]
						},
						"0.6667": {
							"vector": [0, 22.5, 0]
						}
					}
				},
				"pata6": {
					"rotation": {
						"0.0": {
							"vector": [0, -10, 0]
						},
						"0.125": {
							"vector": [0, 6, 0]
						},
						"0.2917": {
							"vector": [0, 30, 0]
						},
						"0.5": {
							"vector": [7.12284, 14.21893, 14.35885]
						},
						"0.6667": {
							"vector": [0, -10, 0]
						}
					}
				},
				"pata7": {
					"rotation": {
						"0.0": {
							"vector": [0, 20, 0]
						},
						"0.125": {
							"vector": [12.56685, 9.17565, 15.15603]
						},
						"0.2917": {
							"vector": [1.35072, -2.4167, -0.08098]
						},
						"0.4583": {
							"vector": [3.65395, 10.03058, 2.58741]
						},
						"0.6667": {
							"vector": [0, 20, 0]
						}
					}
				},
				"pata8": {
					"rotation": {
						"0.0": {
							"vector": [0, -2.5, 0]
						},
						"0.125": {
							"vector": [0, 10, 0]
						},
						"0.3333": {
							"vector": [0, 17.5, 0]
						},
						"0.5": {
							"vector": [37.4144, 8.30594, 37.6985]
						},
						"0.6667": {
							"vector": [0, -2.5, 0]
						}
					}
				},
				"ojos": {
					"rotation": {
						"vector": [0, 0, 0]
					},
					"position": {
						"0.0": {
							"vector": [0, 0, 0]
						},
						"0.3333": {
							"vector": [0, 0, 0]
						},
						"0.6667": {
							"vector": [0, 0, 0]
						}
					}
				},
				"bone25": {
					"rotation": {
						"0.0": {
							"vector": [0, -12.5, 0]
						},
						"0.3333": {
							"vector": [0, -5, 0]
						},
						"0.6667": {
							"vector": [0, -12.5, 0]
						}
					},
					"position": {
						"0.0": {
							"vector": [0.1, 0, 0.1]
						},
						"0.3333": {
							"vector": [0, 0, 0]
						},
						"0.6667": {
							"vector": [0.1, 0, 0.1]
						}
					}
				},
				"bone26": {
					"rotation": {
						"0.0": {
							"vector": [0, 0, 0]
						},
						"0.3333": {
							"vector": [0, 15, 0]
						},
						"0.6667": {
							"vector": [0, 0, 0]
						}
					},
					"position": {
						"0.0": {
							"vector": [0, 0, 0]
						},
						"0.3333": {
							"vector": [-0.1, 0, 0.1]
						},
						"0.6667": {
							"vector": [0, 0, 0]
						}
					}
				},
				"cola": {
					"position": {
						"0.0": {
							"vector": [0, 0, 0]
						},
						"0.3333": {
							"vector": [0, 0.5, 0]
						},
						"0.6667": {
							"vector": [0, 0, 0]
						}
					}
				},
				"cabeza": {
					"position": {
						"0.0": {
							"vector": [0, 0, 0]
						},
						"0.3333": {
							"vector": [0, 0.3, 0]
						},
						"0.6667": {
							"vector": [0, 0, 0]
						}
					}
				},
				"cuello": {
					"position": {
						"0.0": {
							"vector": [0, 0, 0]
						},
						"0.3333": {
							"vector": [0, 0.2, 0]
						},
						"0.6667": {
							"vector": [0, 0, 0]
						}
					}
				}
			}
		},
		"black.widow.idle": {
			"loop": true,
			"animation_length": 4.5,
			"bones": {
				"cola": {
					"rotation": {
						"0.0": {
							"vector": [0, 0, 0]
						},
						"2.25": {
							"vector": [5, 0, 0]
						},
						"4.5": {
							"vector": [0, 0, 0]
						}
					},
					"position": {
						"0.0": {
							"vector": [0, 0, 0]
						},
						"2.25": {
							"vector": [0, -0.5, 0]
						},
						"4.5": {
							"vector": [0, 0, 0]
						}
					}
				},
				"pata3": {
					"rotation": {
						"2.6667": {
							"vector": [0, 0, 0]
						},
						"2.75": {
							"vector": [0, 0, -7.5]
						},
						"2.8333": {
							"vector": [4.02098, 12.46204, -6.11808]
						},
						"2.9167": {
							"vector": [4.74898, 2.49097, -7.17121]
						},
						"3.0": {
							"vector": [4.16967, 9.96842, -6.3504]
						},
						"3.0833": {
							"vector": [0, 0, 0]
						}
					}
				},
				"pata6": {
					"rotation": {
						"0.0": {
							"vector": [0, 0, 0]
						},
						"1.0417": {
							"vector": [0, 0, 0]
						},
						"1.125": {
							"vector": [0, 0, 5]
						},
						"1.2083": {
							"vector": [-15, 0, -10]
						},
						"1.2917": {
							"vector": [5.04794, 11.62989, 0.4023]
						},
						"1.375": {
							"vector": [4.77636, 4.15734, -0.29433]
						},
						"1.4583": {
							"vector": [5.16566, 14.11997, 0.65402]
						},
						"1.5417": {
							"vector": [4.94461, 9.13939, 0.16133]
						},
						"1.625": {
							"vector": [0, 0, 0]
						}
					}
				},
				"cabeza": {
					"rotation": {
						"0.0": {
							"vector": [0, 0, 0]
						},
						"0.125": {
							"vector": [0, 15, 0]
						},
						"0.2917": {
							"vector": [0, 15, 0]
						},
						"0.4167": {
							"vector": [-7.5, 15, 0]
						},
						"0.5833": {
							"vector": [-7.5, 15, 0]
						},
						"0.75": {
							"vector": [2.50856, -14.75505, 3.86976]
						},
						"0.9167": {
							"vector": [2.50856, -14.75505, 3.86976]
						},
						"1.0833": {
							"vector": [-9.99144, -14.75505, 3.86976]
						},
						"1.25": {
							"vector": [-9.99144, -14.75505, 3.86976]
						},
						"1.4167": {
							"vector": [0, 0, 0]
						},
						"1.625": {
							"vector": [0, 0, 0]
						}
					},
					"position": {
						"0.0": {
							"vector": [0, 0, 0]
						},
						"0.4167": {
							"vector": [0, 0.1, 0]
						},
						"0.75": {
							"vector": [0.2, 0, 0]
						},
						"1.625": {
							"vector": [0.2, 0, 0]
						},
						"3.0": {
							"vector": [0.2, 0.3, 0]
						},
						"4.5": {
							"vector": [0.2, 0, 0]
						}
					}
				},
				"cuello": {
					"rotation": {
						"0.0": {
							"vector": [0, 0, 0]
						},
						"2.25": {
							"vector": [5, 0, 0]
						},
						"4.5": {
							"vector": [0, 0, 0]
						}
					}
				}
			}
		},
		"black.widow.attack": {
			"animation_length": 0.5,
			"bones": {
				"cabeza": {
					"rotation": {
						"0.0": {
							"vector": [0, 0, 0]
						},
						"0.1667": {
							"vector": [0, 0, 0],
							"easing": "easeInElastic"
						},
						"0.2083": {
							"vector": [0, 0, 0]
						}
					},
					"position": {
						"0.0": {
							"vector": [0, 0, 0]
						},